{"accuracy": [0.6066861152648926, 0.8546696305274963, 0.9126111268997192, 0.9404082894325256, 0.9542641639709473, 0.9647912383079529, 0.9696564674377441, 0.9756454825401306, 0.9798563122749329, 0.9815776348114014], "loss": [1.331883192062378, 0.4582713842391968, 0.2687661945819855, 0.18581144511699677, 0.14114730060100555, 0.1069660559296608, 0.09183454513549805, 0.0757196918129921, 0.06301477551460266, 0.056735217571258545], "val_accuracy": [0.8293876647949219, 0.9079785943031311, 0.9276690483093262, 0.9343842267990112, 0.9336444139480591, 0.9425221681594849, 0.9348395466804504, 0.9611882567405701, 0.9568063020706177, 0.967277467250824], "val_loss": [0.5308629274368286, 0.2857670783996582, 0.22397993505001068, 0.2137565314769745, 0.20882278680801392, 0.18246197700500488, 0.2189355343580246, 0.12261180579662323, 0.14938636124134064, 0.1136564239859581]}